accuracy,inference_time_ms,model_size_mb
0.8628617798214768,21.528244018554688,18.13
