accuracy,inference_time_ms,model_size_mb
0.8628617798214768,97.52345085144043,8.84
