accuracy,inference_time_ms,model_size_mb
0.8628617798214768,538.3238792419434,94.02
