accuracy,inference_time_ms,model_size_mb
0.8628617798214768,66.36691093444824,105.67
